segment,customers,average_recency,average_frequency,average_monetary
Неактивные,36347,394.9317137590448,1.0,161.78649874817728
Новые клиенты,36135,90.408800332088,1.0,164.31735907015357
Обычные,18891,218.33793870096872,1.0463183526547033,155.69627706315177
Под риском,996,381.4046184738956,2.0813253012048194,293.9455220883534
Чемпионы,989,88.73811931243681,2.180990899898888,371.7735085945399
